{
"nicole_damore": [
-73.14996, 
40.889724
], 
"JMuzuruk": [
-74.757241, 
41.716897
], 
"zareen_annxo": [
-73.680365, 
40.737894
]
}